gbifID,kingdom,phylum,class,order,family,genus,species,taxonRank,scientificName,locality,stateProvince,occurrenceStatus,individualCount,decimalLatitude,decimalLongitude,,,,,,,,,,,,,,,,,,,,,,,,,,,
2269068998,Animalia,Chordata,Amphibia,Caudata,Plethodontidae,Phaeognathus,Phaeognathus hubrichti,SPECIES,"Phaeognathus hubrichti Highton, 1961",8 air miles NNW Gantt,Alabama,PRESENT,,31.501318,-86.391087,,,,,,,,,,,,,,,,,,,,,,,,,,,
786468637,Animalia,Chordata,Amphibia,Caudata,Plethodontidae,Phaeognathus,Phaeognathus hubrichti,SPECIES,"Phaeognathus hubrichti Highton, 1961","3 MI SW MCKENZIE, US 31",Alabama,PRESENT,1,31.51,-86.75,,,,,,,,,,,,,,,,,,,,,,,,,,,
786468635,Animalia,Chordata,Amphibia,Caudata,Plethodontidae,Phaeognathus,Phaeognathus hubrichti,SPECIES,"Phaeognathus hubrichti Highton, 1961","3 MI SW MCKENZIE, US 31",Alabama,PRESENT,1,31.51,-86.75,,,,,,,,,,,,,,,,,,,,,,,,,,,
786468632,Animalia,Chordata,Amphibia,Caudata,Plethodontidae,Phaeognathus,Phaeognathus hubrichti,SPECIES,"Phaeognathus hubrichti Highton, 1961","3 MI SW MCKENZIE, US 31",Alabama,PRESENT,1,31.51,-86.75,,,,,,,,,,,,,,,,,,,,,,,,,,,
786468631,Animalia,Chordata,Amphibia,Caudata,Plethodontidae,Phaeognathus,Phaeognathus hubrichti,SPECIES,"Phaeognathus hubrichti Highton, 1961","3 MI SW MCKENZIE, US 31",Alabama,PRESENT,1,31.51,-86.75,,,,,,,,,,,,,,,,,,,,,,,,,,,
786468629,Animalia,Chordata,Amphibia,Caudata,Plethodontidae,Phaeognathus,Phaeognathus hubrichti,SPECIES,"Phaeognathus hubrichti Highton, 1961","3 MI SW MCKENZIE, US 31",Alabama,PRESENT,1,31.51,-86.75,,,,,,,,,,,,,,,,,,,,,,,,,,,
786468627,Animalia,Chordata,Amphibia,Caudata,Plethodontidae,Phaeognathus,Phaeognathus hubrichti,SPECIES,"Phaeognathus hubrichti Highton, 1961","3 MI SW MCKENZIE, US 31",Alabama,PRESENT,1,31.51,-86.75,,,,,,,,,,,,,,,,,,,,,,,,,,,
786468625,Animalia,Chordata,Amphibia,Caudata,Plethodontidae,Phaeognathus,Phaeognathus hubrichti,SPECIES,"Phaeognathus hubrichti Highton, 1961","3 MI SW MCKENZIE, US 31",Alabama,PRESENT,1,31.51,-86.75,,,,,,,,,,,,,,,,,,,,,,,,,,,
786468254,Animalia,Chordata,Amphibia,Caudata,Plethodontidae,Phaeognathus,Phaeognathus hubrichti,SPECIES,"Phaeognathus hubrichti Highton, 1961","3 MI SW MCKENZIE, US 31",Alabama,PRESENT,1,31.51,-86.75,,,,,,,,,,,,,,,,,,,,,,,,,,,
786468252,Animalia,Chordata,Amphibia,Caudata,Plethodontidae,Phaeognathus,Phaeognathus hubrichti,SPECIES,"Phaeognathus hubrichti Highton, 1961","3 MI SW MCKENZIE, US 31",Alabama,PRESENT,1,31.51,-86.75,,,,,,,,,,,,,,,,,,,,,,,,,,,
786468250,Animalia,Chordata,Amphibia,Caudata,Plethodontidae,Phaeognathus,Phaeognathus hubrichti,SPECIES,"Phaeognathus hubrichti Highton, 1961","3 MI SW MCKENZIE, US 31",Alabama,PRESENT,1,31.51,-86.75,,,,,,,,,,,,,,,,,,,,,,,,,,,
786468247,Animalia,Chordata,Amphibia,Caudata,Plethodontidae,Phaeognathus,Phaeognathus hubrichti,SPECIES,"Phaeognathus hubrichti Highton, 1961","3 MI SW MCKENZIE, US 31",Alabama,PRESENT,1,31.51,-86.75,,,,,,,,,,,,,,,,,,,,,,,,,,,
786468245,Animalia,Chordata,Amphibia,Caudata,Plethodontidae,Phaeognathus,Phaeognathus hubrichti,SPECIES,"Phaeognathus hubrichti Highton, 1961","3 MI SW MCKENZIE, US 31",Alabama,PRESENT,1,31.51,-86.75,,,,,,,,,,,,,,,,,,,,,,,,,,,
786361898,Animalia,Chordata,Amphibia,Caudata,Plethodontidae,Phaeognathus,Phaeognathus hubrichti,SPECIES,"Phaeognathus hubrichti Highton, 1961",3.0 MI NW OF MCKENZIE,Alabama,PRESENT,1,31.51,-86.75,,,,,,,,,,,,,,,,,,,,,,,,,,,
2269070689,Animalia,Chordata,Amphibia,Caudata,Plethodontidae,Phaeognathus,Phaeognathus hubrichti,SPECIES,"Phaeognathus hubrichti Highton, 1961","approx 8 miles NNW Gantt, Patsaliga Creek Tributary",Alabama,PRESENT,,31.523122,-86.488277,,,,,,,,,,,,,,,,,,,,,,,,,,,
2269070401,Animalia,Chordata,Amphibia,Caudata,Plethodontidae,Phaeognathus,Phaeognathus hubrichti,SPECIES,"Phaeognathus hubrichti Highton, 1961","approx 8 miles NNW Gantt, Patsaliga Creek Tributary",Alabama,PRESENT,,31.523122,-86.488277,,,,,,,,,,,,,,,,,,,,,,,,,,,
2269069702,Animalia,Chordata,Amphibia,Caudata,Plethodontidae,Phaeognathus,Phaeognathus hubrichti,SPECIES,"Phaeognathus hubrichti Highton, 1961","approx 8 miles NNW Gantt, Patsaliga Creek Tributary",Alabama,PRESENT,,31.523122,-86.488277,,,,,,,,,,,,,,,,,,,,,,,,,,,
2269068686,Animalia,Chordata,Amphibia,Caudata,Plethodontidae,Phaeognathus,Phaeognathus hubrichti,SPECIES,"Phaeognathus hubrichti Highton, 1961","Approx 8 air miles NNW Gantt, Patsaliga Creek",Alabama,PRESENT,,31.523122,-86.488277,,,,,,,,,,,,,,,,,,,,,,,,,,,
2269067772,Animalia,Chordata,Amphibia,Caudata,Plethodontidae,Phaeognathus,Phaeognathus hubrichti,SPECIES,"Phaeognathus hubrichti Highton, 1961","Approx 8 air miles NNW Gantt, Patsaliga Creek",Alabama,PRESENT,,31.523122,-86.488277,,,,,,,,,,,,,,,,,,,,,,,,,,,
2269067629,Animalia,Chordata,Amphibia,Caudata,Plethodontidae,Phaeognathus,Phaeognathus hubrichti,SPECIES,"Phaeognathus hubrichti Highton, 1961","Approx 8 air miles NNW Gantt, Patsaliga Creek",Alabama,PRESENT,,31.523122,-86.488277,,,,,,,,,,,,,,,,,,,,,,,,,,,
2269067283,Animalia,Chordata,Amphibia,Caudata,Plethodontidae,Phaeognathus,Phaeognathus hubrichti,SPECIES,"Phaeognathus hubrichti Highton, 1961","Approx 8 air miles NNW Gantt, Patsaliga Creek",Alabama,PRESENT,,31.523122,-86.488277,,,,,,,,,,,,,,,,,,,,,,,,,,,
2269082948,Animalia,Chordata,Amphibia,Caudata,Plethodontidae,Phaeognathus,Phaeognathus hubrichti,SPECIES,"Phaeognathus hubrichti Highton, 1961","4.7 mi. S. of Industry, E. of Pigeon Crk.  T7N R14E S35(NE1, 4)",Alabama,PRESENT,,31.535487,-86.624555,,,,,,,,,,,,,,,,,,,,,,,,,,,
2269081143,Animalia,Chordata,Amphibia,Caudata,Plethodontidae,Phaeognathus,Phaeognathus hubrichti,SPECIES,"Phaeognathus hubrichti Highton, 1961",5.5 air mi. N.W. Dozier,Alabama,PRESENT,,31.53845,-86.440321,,,,,,,,,,,,,,,,,,,,,,,,,,,
2269071732,Animalia,Chordata,Amphibia,Caudata,Plethodontidae,Phaeognathus,Phaeognathus hubrichti,SPECIES,"Phaeognathus hubrichti Highton, 1961",ca 5.5 air miles NW Dozier,Alabama,PRESENT,,31.53845,-86.440321,,,,,,,,,,,,,,,,,,,,,,,,,,,
2269071729,Animalia,Chordata,Amphibia,Caudata,Plethodontidae,Phaeognathus,Phaeognathus hubrichti,SPECIES,"Phaeognathus hubrichti Highton, 1961",ca. 5.5 air mi. NW Dozier,Alabama,PRESENT,,31.53845,-86.440321,,,,,,,,,,,,,,,,,,,,,,,,,,,
2269070430,Animalia,Chordata,Amphibia,Caudata,Plethodontidae,Phaeognathus,Phaeognathus hubrichti,SPECIES,"Phaeognathus hubrichti Highton, 1961",ca. 5.5 air mi NW Dozier,Alabama,PRESENT,,31.53845,-86.440321,,,,,,,,,,,,,,,,,,,,,,,,,,,
2269070094,Animalia,Chordata,Amphibia,Caudata,Plethodontidae,Phaeognathus,Phaeognathus hubrichti,SPECIES,"Phaeognathus hubrichti Highton, 1961",ca 5.5 air mi. NW Dozier,Alabama,PRESENT,,31.53845,-86.440321,,,,,,,,,,,,,,,,,,,,,,,,,,,
2269069765,Animalia,Chordata,Amphibia,Caudata,Plethodontidae,Phaeognathus,Phaeognathus hubrichti,SPECIES,"Phaeognathus hubrichti Highton, 1961",ca. 5.5 air mi. NW Dozier.,Alabama,PRESENT,,31.53845,-86.440321,,,,,,,,,,,,,,,,,,,,,,,,,,,
2269069700,Animalia,Chordata,Amphibia,Caudata,Plethodontidae,Phaeognathus,Phaeognathus hubrichti,SPECIES,"Phaeognathus hubrichti Highton, 1961",ca 5.5 air miles NW Dozier,Alabama,PRESENT,,31.53845,-86.440321,,,,,,,,,,,,,,,,,,,,,,,,,,,
2269068815,Animalia,Chordata,Amphibia,Caudata,Plethodontidae,Phaeognathus,Phaeognathus hubrichti,SPECIES,"Phaeognathus hubrichti Highton, 1961",Approx 5.5 air miles NW Dozier,Alabama,PRESENT,,31.53845,-86.440321,,,,,,,,,,,,,,,,,,,,,,,,,,,
2269067231,Animalia,Chordata,Amphibia,Caudata,Plethodontidae,Phaeognathus,Phaeognathus hubrichti,SPECIES,"Phaeognathus hubrichti Highton, 1961",Appros 5.5 air miles NW Dozier,Alabama,PRESENT,,31.53845,-86.440321,,,,,,,,,,,,,,,,,,,,,,,,,,,
4901796803,Animalia,Chordata,Amphibia,Caudata,Plethodontidae,Phaeognathus,Phaeognathus hubrichti,SPECIES,"Phaeognathus hubrichti Highton, 1961",,Alabama,PRESENT,,31.53973,-86.614769,,,,,,,,,,,,,,,,,,,,,,,,,,,
786125463,Animalia,Chordata,Amphibia,Caudata,Plethodontidae,Phaeognathus,Phaeognathus hubrichti,SPECIES,"Phaeognathus hubrichti Highton, 1961",3 MI NW MCKENZIE,Alabama,PRESENT,1,31.54,-86.66,,,,,,,,,,,,,,,,,,,,,,,,,,,
786125459,Animalia,Chordata,Amphibia,Caudata,Plethodontidae,Phaeognathus,Phaeognathus hubrichti,SPECIES,"Phaeognathus hubrichti Highton, 1961",3 MI NW MCKENZIE,Alabama,PRESENT,1,31.54,-86.66,,,,,,,,,,,,,,,,,,,,,,,,,,,
2269061088,Animalia,Chordata,Amphibia,Caudata,Plethodontidae,Phaeognathus,Phaeognathus hubrichti,SPECIES,"Phaeognathus hubrichti Highton, 1961",near McKenzie,Alabama,PRESENT,,31.542387,-86.714969,,,,,,,,,,,,,,,,,,,,,,,,,,,
2269060786,Animalia,Chordata,Amphibia,Caudata,Plethodontidae,Phaeognathus,Phaeognathus hubrichti,SPECIES,"Phaeognathus hubrichti Highton, 1961",near McKenzie,Alabama,PRESENT,,31.542387,-86.714969,,,,,,,,,,,,,,,,,,,,,,,,,,,
2269060588,Animalia,Chordata,Amphibia,Caudata,Plethodontidae,Phaeognathus,Phaeognathus hubrichti,SPECIES,"Phaeognathus hubrichti Highton, 1961",near McKenzie,Alabama,PRESENT,,31.542387,-86.714969,,,,,,,,,,,,,,,,,,,,,,,,,,,
2269060546,Animalia,Chordata,Amphibia,Caudata,Plethodontidae,Phaeognathus,Phaeognathus hubrichti,SPECIES,"Phaeognathus hubrichti Highton, 1961",near McKenzie,Alabama,PRESENT,,31.542387,-86.714969,,,,,,,,,,,,,,,,,,,,,,,,,,,
5147063684,Animalia,Chordata,Amphibia,Caudata,Plethodontidae,Phaeognathus,Phaeognathus hubrichti,SPECIES,"Phaeognathus hubrichti Highton, 1961","Moceans Woods, McKenzie",Alabama,PRESENT,,31.543,-86.7153,,,,,,,,,,,,,,,,,,,,,,,,,,,
476793445,Animalia,Chordata,Amphibia,Caudata,Plethodontidae,Phaeognathus,Phaeognathus hubrichti,SPECIES,"Phaeognathus hubrichti Highton, 1961","USA: Alabama: Butler: 3 mi NW McKenzie, on US Rte 31",Alabama,PRESENT,2,31.56408,-86.73612,,,,,,,,,,,,,,,,,,,,,,,,,,,
476606200,Animalia,Chordata,Amphibia,Caudata,Plethodontidae,Phaeognathus,Phaeognathus hubrichti,SPECIES,"Phaeognathus hubrichti Highton, 1961","USA: Alabama: Butler: 3 mi NW McKenzie, on US Rte 31",Alabama,PRESENT,1,31.56408,-86.73612,,,,,,,,,,,,,,,,,,,,,,,,,,,
476606199,Animalia,Chordata,Amphibia,Caudata,Plethodontidae,Phaeognathus,Phaeognathus hubrichti,SPECIES,"Phaeognathus hubrichti Highton, 1961","USA: Alabama: Butler: 3 mi NW McKenzie, on US Rte 31",Alabama,PRESENT,1,31.56408,-86.73612,,,,,,,,,,,,,,,,,,,,,,,,,,,
476606198,Animalia,Chordata,Amphibia,Caudata,Plethodontidae,Phaeognathus,Phaeognathus hubrichti,SPECIES,"Phaeognathus hubrichti Highton, 1961","USA: Alabama: Butler: 3 mi NW McKenzie, on US Rte 31",Alabama,PRESENT,1,31.56408,-86.73612,,,,,,,,,,,,,,,,,,,,,,,,,,,
1945456755,Animalia,Chordata,Amphibia,Caudata,Plethodontidae,Phaeognathus,Phaeognathus hubrichti,SPECIES,"Phaeognathus hubrichti Highton, 1961",,Alabama,PRESENT,,31.56423,-87.575378,,,,,,,,,,,,,,,,,,,,,,,,,,,
675589303,Animalia,Chordata,Amphibia,Caudata,Plethodontidae,Phaeognathus,Phaeognathus hubrichti,SPECIES,"Phaeognathus hubrichti Highton, 1961","3 mi NW Mckinzie, Hwy 31",Alabama,PRESENT,,31.571667,-86.746667,,,,,,,,,,,,,,,,,,,,,,,,,,,
2269063643,Animalia,Chordata,Amphibia,Caudata,Plethodontidae,Phaeognathus,Phaeognathus hubrichti,SPECIES,"Phaeognathus hubrichti Highton, 1961","3 miles North McKenzie, Hwy 31, Persimmon Creek",Alabama,PRESENT,,31.571743,-86.737967,,,,,,,,,,,,,,,,,,,,,,,,,,,
2269063388,Animalia,Chordata,Amphibia,Caudata,Plethodontidae,Phaeognathus,Phaeognathus hubrichti,SPECIES,"Phaeognathus hubrichti Highton, 1961","3 miles North McKenzie, Hwy 31, Persimmon Creek",Alabama,PRESENT,,31.571743,-86.737967,,,,,,,,,,,,,,,,,,,,,,,,,,,
2269062976,Animalia,Chordata,Amphibia,Caudata,Plethodontidae,Phaeognathus,Phaeognathus hubrichti,SPECIES,"Phaeognathus hubrichti Highton, 1961","3 miles North McKenzie, Hwy 31, Persimmon Creek",Alabama,PRESENT,,31.571743,-86.737967,,,,,,,,,,,,,,,,,,,,,,,,,,,
2269061674,Animalia,Chordata,Amphibia,Caudata,Plethodontidae,Phaeognathus,Phaeognathus hubrichti,SPECIES,"Phaeognathus hubrichti Highton, 1961",3 miles North McKenzie on Hwy 31,Alabama,PRESENT,,31.571743,-86.737967,,,,,,,,,,,,,,,,,,,,,,,,,,,
2269061622,Animalia,Chordata,Amphibia,Caudata,Plethodontidae,Phaeognathus,Phaeognathus hubrichti,SPECIES,"Phaeognathus hubrichti Highton, 1961","3 miles North McKenzie, on Hwy 31",Alabama,PRESENT,,31.571743,-86.737967,,,,,,,,,,,,,,,,,,,,,,,,,,,
2269061422,Animalia,Chordata,Amphibia,Caudata,Plethodontidae,Phaeognathus,Phaeognathus hubrichti,SPECIES,"Phaeognathus hubrichti Highton, 1961","3 miles North McKenzie, on Hwy 31",Alabama,PRESENT,,31.571743,-86.737967,,,,,,,,,,,,,,,,,,,,,,,,,,,
1322159503,Animalia,Chordata,Amphibia,Caudata,Plethodontidae,Phaeognathus,Phaeognathus hubrichti,SPECIES,"Phaeognathus hubrichti Highton, 1961","McKenzie, 3 mi (by road) NW of, on U.S. Route 31, just south of its crossing of Persimmon Creek",Alabama,PRESENT,1,31.5728,-86.7367,,,,,,,,,,,,,,,,,,,,,,,,,,,
1324150104,Animalia,Chordata,Amphibia,Caudata,Plethodontidae,Phaeognathus,Phaeognathus hubrichti,SPECIES,"Phaeognathus hubrichti Highton, 1961","US 31 & Persimmon Creek, 2.3 mi N McKenzie, up to 300 m E",Alabama,PRESENT,,31.57555,-86.73678,,,,,,,,,,,,,,,,,,,,,,,,,,,
1324150094,Animalia,Chordata,Amphibia,Caudata,Plethodontidae,Phaeognathus,Phaeognathus hubrichti,SPECIES,"Phaeognathus hubrichti Highton, 1961","US 31 & Persimmon Creek, 2.3 mi N McKenzie, up to 300 m E",Alabama,PRESENT,,31.57555,-86.73678,,,,,,,,,,,,,,,,,,,,,,,,,,,
1324149555,Animalia,Chordata,Amphibia,Caudata,Plethodontidae,Phaeognathus,Phaeognathus hubrichti,SPECIES,"Phaeognathus hubrichti Highton, 1961","US 31 & Persimmon Creek, 2.3 mi N McKenzie, up to 300 m E",Alabama,PRESENT,,31.57555,-86.73678,,,,,,,,,,,,,,,,,,,,,,,,,,,
1324149552,Animalia,Chordata,Amphibia,Caudata,Plethodontidae,Phaeognathus,Phaeognathus hubrichti,SPECIES,"Phaeognathus hubrichti Highton, 1961","US 31 & Persimmon Creek, 2.3 mi N McKenzie, up to 300 m E",Alabama,PRESENT,,31.57555,-86.73678,,,,,,,,,,,,,,,,,,,,,,,,,,,
1324149544,Animalia,Chordata,Amphibia,Caudata,Plethodontidae,Phaeognathus,Phaeognathus hubrichti,SPECIES,"Phaeognathus hubrichti Highton, 1961","US 31 & Persimmon Creek, 2.3 mi N McKenzie, up to 300 m E",Alabama,PRESENT,,31.57555,-86.73678,,,,,,,,,,,,,,,,,,,,,,,,,,,
1324149538,Animalia,Chordata,Amphibia,Caudata,Plethodontidae,Phaeognathus,Phaeognathus hubrichti,SPECIES,"Phaeognathus hubrichti Highton, 1961","US 31 & Persimmon Creek, 2.3 mi N McKenzie, up to 300 m E",Alabama,PRESENT,,31.57555,-86.73678,,,,,,,,,,,,,,,,,,,,,,,,,,,
1324149530,Animalia,Chordata,Amphibia,Caudata,Plethodontidae,Phaeognathus,Phaeognathus hubrichti,SPECIES,"Phaeognathus hubrichti Highton, 1961","US 31 & Persimmon Creek, 2.3 mi N McKenzie, up to 300 m E",Alabama,PRESENT,,31.57555,-86.73678,,,,,,,,,,,,,,,,,,,,,,,,,,,
1324149527,Animalia,Chordata,Amphibia,Caudata,Plethodontidae,Phaeognathus,Phaeognathus hubrichti,SPECIES,"Phaeognathus hubrichti Highton, 1961","US 31 & Persimmon Creek, 2.3 mi N McKenzie, up to 300 m E",Alabama,PRESENT,,31.57555,-86.73678,,,,,,,,,,,,,,,,,,,,,,,,,,,
1324097607,Animalia,Chordata,Amphibia,Caudata,Plethodontidae,Phaeognathus,Phaeognathus hubrichti,SPECIES,"Phaeognathus hubrichti Highton, 1961","US 31 & Persimmon Creek, 2.3 mi N McKenzie",Alabama,PRESENT,,31.57573,-86.73845,,,,,,,,,,,,,,,,,,,,,,,,,,,
1324097572,Animalia,Chordata,Amphibia,Caudata,Plethodontidae,Phaeognathus,Phaeognathus hubrichti,SPECIES,"Phaeognathus hubrichti Highton, 1961","US 31 & Persimmon Creek, 2.3 mi N McKenzie",Alabama,PRESENT,,31.57573,-86.73845,,,,,,,,,,,,,,,,,,,,,,,,,,,
2269061653,Animalia,Chordata,Amphibia,Caudata,Plethodontidae,Phaeognathus,Phaeognathus hubrichti,SPECIES,"Phaeognathus hubrichti Highton, 1961","Hwy 31, 3 miles North McKenzie",Alabama,PRESENT,,31.578558,-86.7377,,,,,,,,,,,,,,,,,,,,,,,,,,,
2269061580,Animalia,Chordata,Amphibia,Caudata,Plethodontidae,Phaeognathus,Phaeognathus hubrichti,SPECIES,"Phaeognathus hubrichti Highton, 1961","Hwy 31, 3 miles North McKenzie",Alabama,PRESENT,,31.578558,-86.7377,,,,,,,,,,,,,,,,,,,,,,,,,,,
2269060676,Animalia,Chordata,Amphibia,Caudata,Plethodontidae,Phaeognathus,Phaeognathus hubrichti,SPECIES,"Phaeognathus hubrichti Highton, 1961",2.7 miles North McKenzie,Alabama,PRESENT,,31.578817,-86.707612,,,,,,,,,,,,,,,,,,,,,,,,,,,
2269094500,Animalia,Chordata,Amphibia,Caudata,Plethodontidae,Phaeognathus,Phaeognathus hubrichti,SPECIES,"Phaeognathus hubrichti Highton, 1961",South bank of Sepulga River at CR 29,Alabama,PRESENT,,31.581115,-86.916894,,,,,,,,,,,,,,,,,,,,,,,,,,,
1987223470,Animalia,Chordata,Amphibia,Caudata,Plethodontidae,Phaeognathus,Phaeognathus hubrichti,SPECIES,"Phaeognathus hubrichti Highton, 1961",3 MI N W OF MCKENZIE,Alabama,PRESENT,1,31.582417,-86.736599,,,,,,,,,,,,,,,,,,,,,,,,,,,
1987210653,Animalia,Chordata,Amphibia,Caudata,Plethodontidae,Phaeognathus,Phaeognathus hubrichti,SPECIES,"Phaeognathus hubrichti Highton, 1961",3 MI N W OF MCKENZIE,Alabama,PRESENT,1,31.582417,-86.736599,,,,,,,,,,,,,,,,,,,,,,,,,,,
1987207298,Animalia,Chordata,Amphibia,Caudata,Plethodontidae,Phaeognathus,Phaeognathus hubrichti,SPECIES,"Phaeognathus hubrichti Highton, 1961",3 MI N W OF MCKENZIE,Alabama,PRESENT,1,31.582417,-86.736599,,,,,,,,,,,,,,,,,,,,,,,,,,,
1987193392,Animalia,Chordata,Amphibia,Caudata,Plethodontidae,Phaeognathus,Phaeognathus hubrichti,SPECIES,"Phaeognathus hubrichti Highton, 1961",3 MI N W OF MCKENZIE,Alabama,PRESENT,1,31.582417,-86.736599,,,,,,,,,,,,,,,,,,,,,,,,,,,
1987191295,Animalia,Chordata,Amphibia,Caudata,Plethodontidae,Phaeognathus,Phaeognathus hubrichti,SPECIES,"Phaeognathus hubrichti Highton, 1961",3 MI N W OF MCKENZIE,Alabama,PRESENT,1,31.582417,-86.736599,,,,,,,,,,,,,,,,,,,,,,,,,,,
1987185619,Animalia,Chordata,Amphibia,Caudata,Plethodontidae,Phaeognathus,Phaeognathus hubrichti,SPECIES,"Phaeognathus hubrichti Highton, 1961",3 MI N W OF MCKENZIE,Alabama,PRESENT,1,31.582417,-86.736599,,,,,,,,,,,,,,,,,,,,,,,,,,,
1987157237,Animalia,Chordata,Amphibia,Caudata,Plethodontidae,Phaeognathus,Phaeognathus hubrichti,SPECIES,"Phaeognathus hubrichti Highton, 1961",3 MI N W OF MCKENZIE,Alabama,PRESENT,1,31.582417,-86.736599,,,,,,,,,,,,,,,,,,,,,,,,,,,
1987155181,Animalia,Chordata,Amphibia,Caudata,Plethodontidae,Phaeognathus,Phaeognathus hubrichti,SPECIES,"Phaeognathus hubrichti Highton, 1961",3 MI N W OF MCKENZIE,Alabama,PRESENT,1,31.582417,-86.736599,,,,,,,,,,,,,,,,,,,,,,,,,,,
1987116178,Animalia,Chordata,Amphibia,Caudata,Plethodontidae,Phaeognathus,Phaeognathus hubrichti,SPECIES,"Phaeognathus hubrichti Highton, 1961",3 MI N W OF MCKENZIE,Alabama,PRESENT,1,31.582417,-86.736599,,,,,,,,,,,,,,,,,,,,,,,,,,,
1987105593,Animalia,Chordata,Amphibia,Caudata,Plethodontidae,Phaeognathus,Phaeognathus hubrichti,SPECIES,"Phaeognathus hubrichti Highton, 1961",3 MI N W OF MCKENZIE,Alabama,PRESENT,1,31.582417,-86.736599,,,,,,,,,,,,,,,,,,,,,,,,,,,
1987101817,Animalia,Chordata,Amphibia,Caudata,Plethodontidae,Phaeognathus,Phaeognathus hubrichti,SPECIES,"Phaeognathus hubrichti Highton, 1961",3 MI N W OF MCKENZIE,Alabama,PRESENT,1,31.582417,-86.736599,,,,,,,,,,,,,,,,,,,,,,,,,,,
1987037123,Animalia,Chordata,Amphibia,Caudata,Plethodontidae,Phaeognathus,Phaeognathus hubrichti,SPECIES,"Phaeognathus hubrichti Highton, 1961",3 MI N W OF MCKENZIE,Alabama,PRESENT,1,31.582417,-86.736599,,,,,,,,,,,,,,,,,,,,,,,,,,,
5147495688,Animalia,Chordata,Amphibia,Caudata,Plethodontidae,Phaeognathus,Phaeognathus hubrichti,SPECIES,"Phaeognathus hubrichti Highton, 1961",3 mi NW McKenzie on U.S. Rte. 31,Alabama,PRESENT,,31.5852,-86.7163,,,,,,,,,,,,,,,,,,,,,,,,,,,
5147495687,Animalia,Chordata,Amphibia,Caudata,Plethodontidae,Phaeognathus,Phaeognathus hubrichti,SPECIES,"Phaeognathus hubrichti Highton, 1961",3 mi NW McKenzie on U.S. Rte. 31,Alabama,PRESENT,,31.5852,-86.7163,,,,,,,,,,,,,,,,,,,,,,,,,,,
5147494686,Animalia,Chordata,Amphibia,Caudata,Plethodontidae,Phaeognathus,Phaeognathus hubrichti,SPECIES,"Phaeognathus hubrichti Highton, 1961",3 mi NW McKenzie on U.S. Rte. 31,Alabama,PRESENT,,31.5852,-86.7163,,,,,,,,,,,,,,,,,,,,,,,,,,,
5147492690,Animalia,Chordata,Amphibia,Caudata,Plethodontidae,Phaeognathus,Phaeognathus hubrichti,SPECIES,"Phaeognathus hubrichti Highton, 1961",3 mi NW McKenzie on U.S. Rte. 31,Alabama,PRESENT,,31.5852,-86.7163,,,,,,,,,,,,,,,,,,,,,,,,,,,
5147476141,Animalia,Chordata,Amphibia,Caudata,Plethodontidae,Phaeognathus,Phaeognathus hubrichti,SPECIES,"Phaeognathus hubrichti Highton, 1961",3 mi NW McKenzie on U.S. Rte. 31,Alabama,PRESENT,,31.5852,-86.7163,,,,,,,,,,,,,,,,,,,,,,,,,,,
5147475138,Animalia,Chordata,Amphibia,Caudata,Plethodontidae,Phaeognathus,Phaeognathus hubrichti,SPECIES,"Phaeognathus hubrichti Highton, 1961",3 mi NW McKenzie on U.S. Rte. 31,Alabama,PRESENT,,31.5852,-86.7163,,,,,,,,,,,,,,,,,,,,,,,,,,,
5147429685,Animalia,Chordata,Amphibia,Caudata,Plethodontidae,Phaeognathus,Phaeognathus hubrichti,SPECIES,"Phaeognathus hubrichti Highton, 1961",3 mi NW McKenzie on U.S. Rte. 31,Alabama,PRESENT,,31.5852,-86.7163,,,,,,,,,,,,,,,,,,,,,,,,,,,
5147403985,Animalia,Chordata,Amphibia,Caudata,Plethodontidae,Phaeognathus,Phaeognathus hubrichti,SPECIES,"Phaeognathus hubrichti Highton, 1961",3 mi NW McKenzie on U.S. Rte. 31,Alabama,PRESENT,,31.5852,-86.7163,,,,,,,,,,,,,,,,,,,,,,,,,,,
5147385141,Animalia,Chordata,Amphibia,Caudata,Plethodontidae,Phaeognathus,Phaeognathus hubrichti,SPECIES,"Phaeognathus hubrichti Highton, 1961",3 mi NW McKenzie on U.S. Rte. 31,Alabama,PRESENT,,31.5852,-86.7163,,,,,,,,,,,,,,,,,,,,,,,,,,,
5147374141,Animalia,Chordata,Amphibia,Caudata,Plethodontidae,Phaeognathus,Phaeognathus hubrichti,SPECIES,"Phaeognathus hubrichti Highton, 1961",3 mi NW McKenzie on U.S. Rte. 31,Alabama,PRESENT,,31.5852,-86.7163,,,,,,,,,,,,,,,,,,,,,,,,,,,
5147304686,Animalia,Chordata,Amphibia,Caudata,Plethodontidae,Phaeognathus,Phaeognathus hubrichti,SPECIES,"Phaeognathus hubrichti Highton, 1961",3 mi NW McKenzie on U.S. Rte. 31,Alabama,PRESENT,,31.5852,-86.7163,,,,,,,,,,,,,,,,,,,,,,,,,,,
5147296689,Animalia,Chordata,Amphibia,Caudata,Plethodontidae,Phaeognathus,Phaeognathus hubrichti,SPECIES,"Phaeognathus hubrichti Highton, 1961",3 mi NW McKenzie on U.S. Rte. 31,Alabama,PRESENT,,31.5852,-86.7163,,,,,,,,,,,,,,,,,,,,,,,,,,,
5147295351,Animalia,Chordata,Amphibia,Caudata,Plethodontidae,Phaeognathus,Phaeognathus hubrichti,SPECIES,"Phaeognathus hubrichti Highton, 1961",3 mi NW McKenzie on U.S. Rte. 31,Alabama,PRESENT,,31.5852,-86.7163,,,,,,,,,,,,,,,,,,,,,,,,,,,
5147289983,Animalia,Chordata,Amphibia,Caudata,Plethodontidae,Phaeognathus,Phaeognathus hubrichti,SPECIES,"Phaeognathus hubrichti Highton, 1961",3 mi NW McKenzie on U.S. Rte. 31,Alabama,PRESENT,,31.5852,-86.7163,,,,,,,,,,,,,,,,,,,,,,,,,,,
5147286353,Animalia,Chordata,Amphibia,Caudata,Plethodontidae,Phaeognathus,Phaeognathus hubrichti,SPECIES,"Phaeognathus hubrichti Highton, 1961",3 mi NW McKenzie on U.S. Rte. 31,Alabama,PRESENT,,31.5852,-86.7163,,,,,,,,,,,,,,,,,,,,,,,,,,,
5147259136,Animalia,Chordata,Amphibia,Caudata,Plethodontidae,Phaeognathus,Phaeognathus hubrichti,SPECIES,"Phaeognathus hubrichti Highton, 1961",3 mi NW McKenzie on U.S. Rte. 31,Alabama,PRESENT,,31.5852,-86.7163,,,,,,,,,,,,,,,,,,,,,,,,,,,
5147254144,Animalia,Chordata,Amphibia,Caudata,Plethodontidae,Phaeognathus,Phaeognathus hubrichti,SPECIES,"Phaeognathus hubrichti Highton, 1961",3 mi NW McKenzie on U.S. Rte. 31,Alabama,PRESENT,,31.5852,-86.7163,,,,,,,,,,,,,,,,,,,,,,,,,,,
5147171002,Animalia,Chordata,Amphibia,Caudata,Plethodontidae,Phaeognathus,Phaeognathus hubrichti,SPECIES,"Phaeognathus hubrichti Highton, 1961",3 mi NW McKenzie on U.S. Rte. 31,Alabama,PRESENT,,31.5852,-86.7163,,,,,,,,,,,,,,,,,,,,,,,,,,,
5147143909,Animalia,Chordata,Amphibia,Caudata,Plethodontidae,Phaeognathus,Phaeognathus hubrichti,SPECIES,"Phaeognathus hubrichti Highton, 1961",3 mi NW McKenzie on U.S. Rte. 31,Alabama,PRESENT,,31.5852,-86.7163,,,,,,,,,,,,,,,,,,,,,,,,,,,
5147137141,Animalia,Chordata,Amphibia,Caudata,Plethodontidae,Phaeognathus,Phaeognathus hubrichti,SPECIES,"Phaeognathus hubrichti Highton, 1961",3 mi NW McKenzie on U.S. Rte. 31,Alabama,PRESENT,,31.5852,-86.7163,,,,,,,,,,,,,,,,,,,,,,,,,,,
5147133140,Animalia,Chordata,Amphibia,Caudata,Plethodontidae,Phaeognathus,Phaeognathus hubrichti,SPECIES,"Phaeognathus hubrichti Highton, 1961",3 mi NW McKenzie on U.S. Rte. 31,Alabama,PRESENT,,31.5852,-86.7163,,,,,,,,,,,,,,,,,,,,,,,,,,,
5147057687,Animalia,Chordata,Amphibia,Caudata,Plethodontidae,Phaeognathus,Phaeognathus hubrichti,SPECIES,"Phaeognathus hubrichti Highton, 1961",3 mi NW McKenzie on U.S. Rte. 31,Alabama,PRESENT,,31.5852,-86.7163,,,,,,,,,,,,,,,,,,,,,,,,,,,
5147052531,Animalia,Chordata,Amphibia,Caudata,Plethodontidae,Phaeognathus,Phaeognathus hubrichti,SPECIES,"Phaeognathus hubrichti Highton, 1961",3 mi NW McKenzie on U.S. Rte. 31,Alabama,PRESENT,,31.5852,-86.7163,,,,,,,,,,,,,,,,,,,,,,,,,,,
5147049982,Animalia,Chordata,Amphibia,Caudata,Plethodontidae,Phaeognathus,Phaeognathus hubrichti,SPECIES,"Phaeognathus hubrichti Highton, 1961",3 mi NW McKenzie on U.S. Rte. 31,Alabama,PRESENT,,31.5852,-86.7163,,,,,,,,,,,,,,,,,,,,,,,,,,,
5147018143,Animalia,Chordata,Amphibia,Caudata,Plethodontidae,Phaeognathus,Phaeognathus hubrichti,SPECIES,"Phaeognathus hubrichti Highton, 1961",3 mi NW McKenzie on U.S. Rte. 31,Alabama,PRESENT,,31.5852,-86.7163,,,,,,,,,,,,,,,,,,,,,,,,,,,
5147187687,Animalia,Chordata,Amphibia,Caudata,Plethodontidae,Phaeognathus,Phaeognathus hubrichti,SPECIES,"Phaeognathus hubrichti Highton, 1961",3.5 mi NW McKenzie on Hwy. 31,Alabama,PRESENT,,31.5962,-86.7165,,,,,,,,,,,,,,,,,,,,,,,,,,,
2269070498,Animalia,Chordata,Amphibia,Caudata,Plethodontidae,Phaeognathus,Phaeognathus hubrichti,SPECIES,"Phaeognathus hubrichti Highton, 1961",2.6 miles NW Tunnel Springs,Alabama,PRESENT,,31.65804,-87.260125,,,,,,,,,,,,,,,,,,,,,,,,,,,
5935549761,Animalia,Chordata,Amphibia,Caudata,Plethodontidae,Phaeognathus,Phaeognathus hubrichti,SPECIES,"Phaeognathus hubrichti Highton, 1961",,Alabama,PRESENT,,31.658765,-87.545966,,,,,,,,,,,,,,,,,,,,,,,,,,,
4516792463,Animalia,Chordata,Amphibia,Caudata,Plethodontidae,Phaeognathus,Phaeognathus hubrichti,SPECIES,"Phaeognathus hubrichti Highton, 1961",,Alabama,PRESENT,,31.66593,-87.289442,,,,,,,,,,,,,,,,,,,,,,,,,,,
2269095991,Animalia,Chordata,Amphibia,Caudata,Plethodontidae,Phaeognathus,Phaeognathus hubrichti,SPECIES,"Phaeognathus hubrichti Highton, 1961",Burrow 545 at Falkenberry Hill construction site,Alabama,PRESENT,,31.666243,-87.220011,,,,,,,,,,,,,,,,,,,,,,,,,,,
2269069762,Animalia,Chordata,Amphibia,Caudata,Plethodontidae,Phaeognathus,Phaeognathus hubrichti,SPECIES,"Phaeognathus hubrichti Highton, 1961",2.5 miles NNE Tunnel Springs,Alabama,PRESENT,,31.669389,-87.22124,,,,,,,,,,,,,,,,,,,,,,,,,,,
4137854137,Animalia,Chordata,Amphibia,Caudata,Plethodontidae,Phaeognathus,Phaeognathus hubrichti,SPECIES,"Phaeognathus hubrichti Highton, 1961",,Alabama,PRESENT,,31.673832,-87.497045,,,,,,,,,,,,,,,,,,,,,,,,,,,
2269071248,Animalia,Chordata,Amphibia,Caudata,Plethodontidae,Phaeognathus,Phaeognathus hubrichti,SPECIES,"Phaeognathus hubrichti Highton, 1961","2.5 air miles NNE Tunnel Springs, along St Hwy 21",Alabama,PRESENT,,31.674967,-87.220427,,,,,,,,,,,,,,,,,,,,,,,,,,,
2269070722,Animalia,Chordata,Amphibia,Caudata,Plethodontidae,Phaeognathus,Phaeognathus hubrichti,SPECIES,"Phaeognathus hubrichti Highton, 1961","2.5 air miles NNE Tunnel Springs, along St Hwy 21",Alabama,PRESENT,,31.674967,-87.220427,,,,,,,,,,,,,,,,,,,,,,,,,,,
2269069893,Animalia,Chordata,Amphibia,Caudata,Plethodontidae,Phaeognathus,Phaeognathus hubrichti,SPECIES,"Phaeognathus hubrichti Highton, 1961","2.5 miles NNE Tunnel Springs, along Hwy 21",Alabama,PRESENT,,31.674967,-87.220427,,,,,,,,,,,,,,,,,,,,,,,,,,,
2269069079,Animalia,Chordata,Amphibia,Caudata,Plethodontidae,Phaeognathus,Phaeognathus hubrichti,SPECIES,"Phaeognathus hubrichti Highton, 1961","2.5 Air Miles NNE Tunnel spgs, along ST. HWY. 21.",Alabama,PRESENT,,31.674967,-87.220427,,,,,,,,,,,,,,,,,,,,,,,,,,,
5936171461,Animalia,Chordata,Amphibia,Caudata,Plethodontidae,Phaeognathus,Phaeognathus hubrichti,SPECIES,"Phaeognathus hubrichti Highton, 1961",,Alabama,PRESENT,,31.67579,-87.436438,,,,,,,,,,,,,,,,,,,,,,,,,,,
5935579890,Animalia,Chordata,Amphibia,Caudata,Plethodontidae,Phaeognathus,Phaeognathus hubrichti,SPECIES,"Phaeognathus hubrichti Highton, 1961",,Alabama,PRESENT,,31.681161,-87.438855,,,,,,,,,,,,,,,,,,,,,,,,,,,
5935775537,Animalia,Chordata,Amphibia,Caudata,Plethodontidae,Phaeognathus,Phaeognathus hubrichti,SPECIES,"Phaeognathus hubrichti Highton, 1961",,Alabama,PRESENT,,31.682319,-87.585687,,,,,,,,,,,,,,,,,,,,,,,,,,,
5935841846,Animalia,Chordata,Amphibia,Caudata,Plethodontidae,Phaeognathus,Phaeognathus hubrichti,SPECIES,"Phaeognathus hubrichti Highton, 1961",,Alabama,PRESENT,,31.714029,-87.423691,,,,,,,,,,,,,,,,,,,,,,,,,,,
3407921060,Animalia,Chordata,Amphibia,Caudata,Plethodontidae,Phaeognathus,Phaeognathus hubrichti,SPECIES,"Phaeognathus hubrichti Highton, 1961",,Alabama,PRESENT,,31.716752,-87.419775,,,,,,,,,,,,,,,,,,,,,,,,,,,
2269093899,Animalia,Chordata,Amphibia,Caudata,Plethodontidae,Phaeognathus,Phaeognathus hubrichti,SPECIES,"Phaeognathus hubrichti Highton, 1961",Haines Island Park - study site 3,Alabama,PRESENT,,31.720145,-87.474587,,,,,,,,,,,,,,,,,,,,,,,,,,,
2269095010,Animalia,Chordata,Amphibia,Caudata,Plethodontidae,Phaeognathus,Phaeognathus hubrichti,SPECIES,"Phaeognathus hubrichti Highton, 1961",Haines Island Park - study site 1,Alabama,PRESENT,,31.722075,-87.46618,,,,,,,,,,,,,,,,,,,,,,,,,,,
2269094550,Animalia,Chordata,Amphibia,Caudata,Plethodontidae,Phaeognathus,Phaeognathus hubrichti,SPECIES,"Phaeognathus hubrichti Highton, 1961","Hains Island Park,",Alabama,PRESENT,,31.722075,-87.46618,,,,,,,,,,,,,,,,,,,,,,,,,,,
2269094323,Animalia,Chordata,Amphibia,Caudata,Plethodontidae,Phaeognathus,Phaeognathus hubrichti,SPECIES,"Phaeognathus hubrichti Highton, 1961",Haines Island Park - study site 1,Alabama,PRESENT,,31.722075,-87.46618,,,,,,,,,,,,,,,,,,,,,,,,,,,
2269093918,Animalia,Chordata,Amphibia,Caudata,Plethodontidae,Phaeognathus,Phaeognathus hubrichti,SPECIES,"Phaeognathus hubrichti Highton, 1961",Haines Island Park; Burrow 286,Alabama,PRESENT,,31.722075,-87.46618,,,,,,,,,,,,,,,,,,,,,,,,,,,
2269090246,Animalia,Chordata,Amphibia,Caudata,Plethodontidae,Phaeognathus,Phaeognathus hubrichti,SPECIES,"Phaeognathus hubrichti Highton, 1961",Haines Island Park - study site 1,Alabama,PRESENT,,31.722075,-87.46618,,,,,,,,,,,,,,,,,,,,,,,,,,,
2269095301,Animalia,Chordata,Amphibia,Caudata,Plethodontidae,Phaeognathus,Phaeognathus hubrichti,SPECIES,"Phaeognathus hubrichti Highton, 1961",Haines Island Park,Alabama,PRESENT,,31.725365,-87.469129,,,,,,,,,,,,,,,,,,,,,,,,,,,
3408180106,Animalia,Chordata,Amphibia,Caudata,Plethodontidae,Phaeognathus,Phaeognathus hubrichti,SPECIES,"Phaeognathus hubrichti Highton, 1961",,Alabama,PRESENT,,31.732963,-87.522782,,,,,,,,,,,,,,,,,,,,,,,,,,,
6159573761,Animalia,Chordata,Amphibia,Caudata,Plethodontidae,Phaeognathus,Phaeognathus hubrichti,SPECIES,"Phaeognathus hubrichti Highton, 1961",,Alabama,PRESENT,,31.742481,-87.575875,,,,,,,,,,,,,,,,,,,,,,,,,,,
3773584787,Animalia,Chordata,Amphibia,Caudata,Plethodontidae,Phaeognathus,Phaeognathus hubrichti,SPECIES,"Phaeognathus hubrichti Highton, 1961",,Alabama,PRESENT,,31.750719,-87.406208,,,,,,,,,,,,,,,,,,,,,,,,,,,
5840220613,Animalia,Chordata,Amphibia,Caudata,Plethodontidae,Phaeognathus,Phaeognathus hubrichti,SPECIES,"Phaeognathus hubrichti Highton, 1961",,Alabama,PRESENT,,31.755122,-87.251916,,,,,,,,,,,,,,,,,,,,,,,,,,,
2444998356,Animalia,Chordata,Amphibia,Caudata,Plethodontidae,Phaeognathus,Phaeognathus hubrichti,SPECIES,"Phaeognathus hubrichti Highton, 1961",,Alabama,PRESENT,,31.764679,-87.459599,,,,,,,,,,,,,,,,,,,,,,,,,,,
4054792155,Animalia,Chordata,Amphibia,Caudata,Plethodontidae,Phaeognathus,Phaeognathus hubrichti,SPECIES,"Phaeognathus hubrichti Highton, 1961",,Alabama,PRESENT,,31.768996,-87.543611,,,,,,,,,,,,,,,,,,,,,,,,,,,
2269070588,Animalia,Chordata,Amphibia,Caudata,Plethodontidae,Phaeognathus,Phaeognathus hubrichti,SPECIES,"Phaeognathus hubrichti Highton, 1961","3.8 miles North Franklin, Hwy 41",Alabama,PRESENT,,31.769351,-87.418913,,,,,,,,,,,,,,,,,,,,,,,,,,,
3860505405,Animalia,Chordata,Amphibia,Caudata,Plethodontidae,Phaeognathus,Phaeognathus hubrichti,SPECIES,"Phaeognathus hubrichti Highton, 1961",,Alabama,PRESENT,,31.774383,-87.240994,,,,,,,,,,,,,,,,,,,,,,,,,,,
6179487474,Animalia,Chordata,Amphibia,Caudata,Plethodontidae,Phaeognathus,Phaeognathus hubrichti,SPECIES,"Phaeognathus hubrichti Highton, 1961",,Alabama,PRESENT,,31.775756,-87.510496,,,,,,,,,,,,,,,,,,,,,,,,,,,
5935892618,Animalia,Chordata,Amphibia,Caudata,Plethodontidae,Phaeognathus,Phaeognathus hubrichti,SPECIES,"Phaeognathus hubrichti Highton, 1961",,Alabama,PRESENT,,31.78572,-87.460001,,,,,,,,,,,,,,,,,,,,,,,,,,,
5935384363,Animalia,Chordata,Amphibia,Caudata,Plethodontidae,Phaeognathus,Phaeognathus hubrichti,SPECIES,"Phaeognathus hubrichti Highton, 1961",,Alabama,PRESENT,,31.790353,-87.459155,,,,,,,,,,,,,,,,,,,,,,,,,,,
5938326566,Animalia,Chordata,Amphibia,Caudata,Plethodontidae,Phaeognathus,Phaeognathus hubrichti,SPECIES,"Phaeognathus hubrichti Highton, 1961",,Alabama,PRESENT,,31.790877,-87.460979,,,,,,,,,,,,,,,,,,,,,,,,,,,
5839875981,Animalia,Chordata,Amphibia,Caudata,Plethodontidae,Phaeognathus,Phaeognathus hubrichti,SPECIES,"Phaeognathus hubrichti Highton, 1961",,Alabama,PRESENT,,31.796696,-87.238231,,,,,,,,,,,,,,,,,,,,,,,,,,,
2269097346,Animalia,Chordata,Amphibia,Caudata,Plethodontidae,Phaeognathus,Phaeognathus hubrichti,SPECIES,"Phaeognathus hubrichti Highton, 1961",10.0 km SSE Camden,Alabama,PRESENT,,31.855865,-87.202101,,,,,,,,,,,,,,,,,,,,,,,,,,,
5230366569,Animalia,Chordata,Amphibia,Caudata,Plethodontidae,Phaeognathus,Phaeognathus hubrichti,SPECIES,"Phaeognathus hubrichti Highton, 1961",,Alabama,PRESENT,,31.956571,-87.341134,,,,,,,,,,,,,,,,,,,,,,,,,,,
4599799263,Animalia,Chordata,Amphibia,Caudata,Plethodontidae,Phaeognathus,Phaeognathus hubrichti,SPECIES,"Phaeognathus hubrichti Highton, 1961",,Alabama,PRESENT,,31.981767,-87.225855,,,,,,,,,,,,,,,,,,,,,,,,,,,
5828302643,Animalia,Chordata,Amphibia,Caudata,Plethodontidae,Phaeognathus,Phaeognathus hubrichti,SPECIES,"Phaeognathus hubrichti Highton, 1961",,Alabama,PRESENT,,31.994201,-87.309976,,,,,,,,,,,,,,,,,,,,,,,,,,,